Nome;Sexo;idade;Prof;Cidade;Estado;Nascionalidade
Moises traves;m;41;devops;Sao Paulo;SP;Brasileiro
Moises traves;m;41;devops;Sao Paulo;SP;Brasileiro
Moises traves;m;41;devops;Sao Paulo;SP;Brasileiro
Moises traves;m;41;devops;Sao Paulo;SP;Brasileiro
Moises traves;m;41;devops;Sao Paulo;SP;Brasileiro
Moises traves;m;41;devops;Sao Paulo;SP;Brasileiro
Moises traves;m;41;devops;Sao Paulo;SP;Brasileiro
Moises traves;m;41;devops;Sao Paulo;SP;Brasileiro
Moises traves;m;41;devops;Sao Paulo;SP;Brasileiro
Moises traves;m;41;devops;Sao Paulo;SP;Brasileiro
